ID,Walk,Species, Latitude, Longitude,Date, Time
1,1,human,51.436489,-1.335357,22/07/2017, 11:39:31
1,1,human,51.436512,-1.335363,22/07/2017, 11:40:22
1,1,human,51.436333,-1.33536,22/07/2017, 11:41:14
1,1,human,51.436245,-1.335346,22/07/2017, 11:41:54
1,1,human,51.436264,-1.335416,22/07/2017, 11:42:43
1,1,human,51.436157,-1.335203,22/07/2017, 11:43:12
1,1,human,51.436462,-1.335261,22/07/2017, 11:43:40
1,1,human,51.436386,-1.335434,22/07/2017, 11:44:09
1,1,human,51.436337,-1.33508,22/07/2017, 11:44:44
1,1,human,51.436378,-1.335198,22/07/2017, 11:45:13
1,1,human,51.436222,-1.335114,22/07/2017, 11:45:35
1,1,human,51.436325,-1.335823,22/07/2017, 11:48:06
1,1,human,51.436623,-1.336442,22/07/2017, 11:48:49
1,1,human,51.43663,-1.336855,22/07/2017, 11:49:31
1,1,human,51.436451,-1.337353,22/07/2017, 11:50:18
1,1,human,51.436176,-1.338197,22/07/2017, 11:51:07
1,1,human,51.435993,-1.339096,22/07/2017, 11:51:56
1,1,human,51.435753,-1.339623,22/07/2017, 11:52:33
1,1,human,51.435524,-1.340075,22/07/2017, 11:53:07
1,1,human,51.435032,-1.340026,22/07/2017, 11:53:34
1,1,human,51.435188,-1.340803,22/07/2017, 11:54:00
1,1,human,51.434547,-1.340095,22/07/2017, 11:54:27
1,1,human,51.434643,-1.340332,22/07/2017, 11:54:50
1,1,human,51.434402,-1.340015,22/07/2017, 11:55:19
1,1,human,51.43409,-1.339784,22/07/2017, 11:55:47
1,1,human,51.433941,-1.339768,22/07/2017, 11:56:22
1,1,human,51.433727,-1.339525,22/07/2017, 11:56:49
1,1,human,51.433704,-1.339025,22/07/2017, 11:57:18
1,1,human,51.433296,-1.339147,22/07/2017, 11:57:45
1,1,human,51.433281,-1.339547,22/07/2017, 11:58:09
1,1,human,51.43306,-1.339636,22/07/2017, 11:58:32
1,1,human,51.432899,-1.339791,22/07/2017, 11:58:59
1,1,human,51.43261,-1.339938,22/07/2017, 11:59:30
1,1,human,51.432289,-1.3397,22/07/2017, 12:00:07
1,1,human,51.431995,-1.339421,22/07/2017, 12:00:38
1,1,human,51.431664,-1.339533,22/07/2017, 12:01:11
1,1,human,51.431343,-1.33964,22/07/2017, 12:01:38
1,1,human,51.430885,-1.33979,22/07/2017, 12:02:17
1,1,human,51.430607,-1.339354,22/07/2017, 12:03:00
1,1,human,51.430321,-1.338612,22/07/2017, 12:03:45
1,1,human,51.430126,-1.337928,22/07/2017, 12:04:16
1,1,human,51.430111,-1.337423,22/07/2017, 12:04:42
1,1,human,51.430019,-1.337288,22/07/2017, 12:05:07
1,1,human,51.429974,-1.337162,22/07/2017, 12:05:33
1,1,human,51.429932,-1.337,22/07/2017, 12:05:59
1,1,human,51.429752,-1.336886,22/07/2017, 12:06:25
1,1,human,51.429672,-1.336579,22/07/2017, 12:06:50
1,1,human,51.429527,-1.336366,22/07/2017, 12:07:14
1,1,human,51.429363,-1.33615,22/07/2017, 12:07:37
1,1,human,51.429169,-1.336058,22/07/2017, 12:07:59
1,1,human,51.429043,-1.33567,22/07/2017, 12:08:24
1,1,human,51.428925,-1.335711,22/07/2017, 12:08:49
1,1,human,51.428753,-1.335441,22/07/2017, 12:09:25
1,1,human,51.428604,-1.335173,22/07/2017, 12:09:55
1,1,human,51.428738,-1.33476,22/07/2017, 12:10:21
1,1,human,51.428997,-1.334957,22/07/2017, 12:10:52
1,1,human,51.429287,-1.334776,22/07/2017, 12:11:22
1,1,human,51.429405,-1.334764,22/07/2017, 12:11:48
1,1,human,51.429573,-1.334637,22/07/2017, 12:12:08
1,1,human,51.42979,-1.334661,22/07/2017, 12:12:35
1,1,human,51.430061,-1.33476,22/07/2017, 12:13:00
1,1,human,51.430336,-1.33471,22/07/2017, 12:13:25
1,1,human,51.430508,-1.334732,22/07/2017, 12:13:51
1,1,human,51.430786,-1.334716,22/07/2017, 12:14:17
1,1,human,51.430988,-1.334657,22/07/2017, 12:14:43
1,1,human,51.431355,-1.334538,22/07/2017, 12:15:11
1,1,human,51.431549,-1.334278,22/07/2017, 12:15:38
1,1,human,51.431843,-1.3341,22/07/2017, 12:16:05
1,1,human,51.432007,-1.334136,22/07/2017, 12:16:33
1,1,human,51.43224,-1.33427,22/07/2017, 12:16:59
1,1,human,51.432568,-1.334388,22/07/2017, 12:17:30
1,1,human,51.4328,-1.334531,22/07/2017, 12:17:57
1,1,human,51.433113,-1.334577,22/07/2017, 12:18:24
1,1,human,51.433289,-1.334534,22/07/2017, 12:18:49
1,1,human,51.433655,-1.334571,22/07/2017, 12:19:15
1,1,human,51.433891,-1.334354,22/07/2017, 12:19:45
1,1,human,51.434258,-1.334496,22/07/2017, 12:20:15
1,1,human,51.43457,-1.334442,22/07/2017, 12:20:43
1,1,human,51.434914,-1.334227,22/07/2017, 12:21:13
1,1,human,51.435112,-1.334343,22/07/2017, 12:21:39
1,1,human,51.435478,-1.33442,22/07/2017, 12:22:04
1,1,human,51.435791,-1.334617,22/07/2017, 12:22:32
1,1,human,51.435677,-1.334961,22/07/2017, 12:22:59
2,1,dog,51.436989,-1.335286,22/07/2017, 11:39:11
2,1,dog,51.436924,-1.335336,22/07/2017, 11:39:38
2,1,dog,51.436825,-1.335261,22/07/2017, 11:40:08
2,1,dog,51.436817,-1.335261,22/07/2017, 11:40:36
2,1,dog,51.437084,-1.335316,22/07/2017, 11:41:03
2,1,dog,51.437057,-1.335253,22/07/2017, 11:41:34
2,1,dog,51.436882,-1.335317,22/07/2017, 11:42:07
2,1,dog,51.436684,-1.335288,22/07/2017, 11:42:35
2,1,dog,51.436813,-1.335224,22/07/2017, 11:43:04
2,1,dog,51.437248,-1.33521,22/07/2017, 11:43:31
2,1,dog,51.437382,-1.335217,22/07/2017, 11:43:56
2,1,dog,51.436802,-1.335279,22/07/2017, 11:44:17
2,1,dog,51.436905,-1.335145,22/07/2017, 11:44:44
2,1,dog,51.436745,-1.335242,22/07/2017, 11:45:04
2,1,dog,51.436726,-1.335223,22/07/2017, 11:45:29
2,1,dog,51.436638,-1.335216,22/07/2017, 11:45:54
2,1,dog,51.436947,-1.335212,22/07/2017, 11:46:22
2,1,dog,51.436844,-1.335443,22/07/2017, 11:46:49
2,1,dog,51.437519,-1.335637,22/07/2017, 11:47:16
2,1,dog,51.437229,-1.33601,22/07/2017, 11:47:43
2,1,dog,51.437431,-1.336715,22/07/2017, 11:48:08
2,1,dog,51.437416,-1.336674,22/07/2017, 11:48:29
2,1,dog,51.437416,-1.337023,22/07/2017, 11:48:54
2,1,dog,51.437622,-1.337206,22/07/2017, 11:49:14
2,1,dog,51.438038,-1.337422,22/07/2017, 11:49:39
2,1,dog,51.437626,-1.337896,22/07/2017, 11:50:05
2,1,dog,51.437359,-1.337989,22/07/2017, 11:50:29
2,1,dog,51.437141,-1.338363,22/07/2017, 11:50:49
2,1,dog,51.436806,-1.338826,22/07/2017, 11:51:08
2,1,dog,51.436813,-1.338975,22/07/2017, 11:51:27
2,1,dog,51.436584,-1.339221,22/07/2017, 11:51:46
2,1,dog,51.436401,-1.339549,22/07/2017, 11:52:09
2,1,dog,51.436115,-1.339909,22/07/2017, 11:52:34
2,1,dog,51.436127,-1.34002,22/07/2017, 11:52:53
2,1,dog,51.435825,-1.340459,22/07/2017, 11:53:12
2,1,dog,51.435818,-1.340452,22/07/2017, 11:53:31
2,1,dog,51.435581,-1.340675,22/07/2017, 11:53:54
2,1,dog,51.435207,-1.340574,22/07/2017, 11:54:21
2,1,dog,51.435074,-1.340258,22/07/2017, 11:54:49
2,1,dog,51.435238,-1.340052,22/07/2017, 11:55:13
2,1,dog,51.434647,-1.339857,22/07/2017, 11:55:51
2,1,dog,51.434292,-1.339644,22/07/2017, 11:56:12
2,1,dog,51.4347,-1.339409,22/07/2017, 11:56:40
2,1,dog,51.434689,-1.339084,22/07/2017, 11:57:08
2,1,dog,51.434074,-1.339049,22/07/2017, 11:57:28
2,1,dog,51.434532,-1.339207,22/07/2017, 11:57:54
2,1,dog,51.433968,-1.339587,22/07/2017, 11:58:29
2,1,dog,51.433563,-1.339802,22/07/2017, 11:58:57
2,1,dog,51.433376,-1.340113,22/07/2017, 11:59:18
2,1,dog,51.433075,-1.339969,22/07/2017, 11:59:43
2,1,dog,51.432636,-1.339658,22/07/2017, 12:00:12
2,1,dog,51.432533,-1.339476,22/07/2017, 12:00:38
2,1,dog,51.432194,-1.339324,22/07/2017, 12:00:59
2,1,dog,51.432301,-1.339567,22/07/2017, 12:01:23
2,1,dog,51.431732,-1.339401,22/07/2017, 12:02:37
2,1,dog,51.431702,-1.339179,22/07/2017, 12:03:06
2,1,dog,51.430817,-1.33867,22/07/2017, 12:03:36
2,1,dog,51.430828,-1.338047,22/07/2017, 12:04:06
2,1,dog,51.430759,-1.337659,22/07/2017, 12:04:32
2,1,dog,51.430511,-1.337381,22/07/2017, 12:05:08
2,1,dog,51.430466,-1.337409,22/07/2017, 12:05:31
2,1,dog,51.430645,-1.3364,22/07/2017, 12:06:35
2,1,dog,51.43026,-1.33666,22/07/2017, 12:07:08
2,1,dog,51.429993,-1.335741,22/07/2017, 12:08:06
2,1,dog,51.430721,-1.334745,22/07/2017, 12:14:47
2,1,dog,51.431404,-1.334035,22/07/2017, 12:15:42
2,1,dog,51.431534,-1.334174,22/07/2017, 12:16:37
2,1,dog,51.432182,-1.334458,22/07/2017, 12:17:26
2,1,dog,51.432972,-1.33482,22/07/2017, 12:18:17
2,1,dog,51.433895,-1.334335,22/07/2017, 12:18:49
2,1,dog,51.434853,-1.334333,22/07/2017, 12:19:23
2,1,dog,51.434727,-1.334329,22/07/2017, 12:19:54
2,1,dog,51.434948,-1.334319,22/07/2017, 12:20:32
2,1,dog,51.435211,-1.334298,22/07/2017, 12:21:02
2,1,dog,51.435574,-1.334151,22/07/2017, 12:21:42
2,1,dog,51.436268,-1.334667,22/07/2017, 12:22:05
2,1,dog,51.436279,-1.334334,22/07/2017, 12:22:26
3,2,human,51.436077,-1.335551,19/08/2017, 11:39:05
3,2,human,51.436146,-1.33534,19/08/2017, 11:39:24
3,2,human,51.436203,-1.335286,19/08/2017, 11:39:46
3,2,human,51.436165,-1.335219,19/08/2017, 11:40:10
3,2,human,51.436146,-1.33524,19/08/2017, 11:40:32
3,2,human,51.436184,-1.335181,19/08/2017, 11:40:53
3,2,human,51.43623,-1.335221,19/08/2017, 11:41:15
3,2,human,51.43623,-1.335265,19/08/2017, 11:41:36
3,2,human,51.436203,-1.335079,19/08/2017, 11:41:57
3,2,human,51.436172,-1.335199,19/08/2017, 11:42:18
3,2,human,51.436199,-1.335261,19/08/2017, 11:42:39
3,2,human,51.436211,-1.335185,19/08/2017, 11:43:00
3,2,human,51.436165,-1.335178,19/08/2017, 11:43:21
3,2,human,51.436226,-1.335111,19/08/2017, 11:43:42
3,2,human,51.436142,-1.335221,19/08/2017, 11:44:09
3,2,human,51.436184,-1.335255,19/08/2017, 11:44:32
3,2,human,51.436279,-1.335184,19/08/2017, 11:44:53
3,2,human,51.436348,-1.335403,19/08/2017, 11:45:16
3,2,human,51.436321,-1.335274,19/08/2017, 11:45:38
3,2,human,51.436344,-1.335394,19/08/2017, 11:46:00
3,2,human,51.436226,-1.335206,19/08/2017, 11:46:23
3,2,human,51.435989,-1.334796,19/08/2017, 11:46:47
3,2,human,51.435936,-1.334714,19/08/2017, 11:47:08
3,2,human,51.436069,-1.334568,19/08/2017, 11:47:33
3,2,human,51.436123,-1.334589,19/08/2017, 11:47:55
3,2,human,51.43602,-1.334733,19/08/2017, 11:48:16
3,2,human,51.436035,-1.334997,19/08/2017, 11:48:37
3,2,human,51.436058,-1.335143,19/08/2017, 11:48:59
3,2,human,51.436039,-1.334931,19/08/2017, 11:49:20
3,2,human,51.435978,-1.334696,19/08/2017, 11:49:40
3,2,human,51.435951,-1.334531,19/08/2017, 11:50:01
3,2,human,51.435928,-1.334462,19/08/2017, 11:50:21
3,2,human,51.435902,-1.334675,19/08/2017, 11:50:44
3,2,human,51.43589,-1.334724,19/08/2017, 11:51:06
3,2,human,51.435944,-1.334693,19/08/2017, 11:51:26
3,2,human,51.436016,-1.334635,19/08/2017, 11:51:48
3,2,human,51.435963,-1.334651,19/08/2017, 11:52:10
3,2,human,51.435982,-1.334539,19/08/2017, 11:52:31
3,2,human,51.435963,-1.334695,19/08/2017, 11:52:53
3,2,human,51.43605,-1.334538,19/08/2017, 11:53:15
3,2,human,51.435989,-1.334651,19/08/2017, 11:53:37
3,2,human,51.435959,-1.334818,19/08/2017, 11:53:59
3,2,human,51.436024,-1.334849,19/08/2017, 11:54:19
3,2,human,51.436008,-1.334852,19/08/2017, 11:54:41
3,2,human,51.43602,-1.334789,19/08/2017, 11:55:03
3,2,human,51.43594,-1.335009,19/08/2017, 11:55:24
3,2,human,51.435951,-1.334834,19/08/2017, 11:55:46
3,2,human,51.435963,-1.334722,19/08/2017, 11:56:06
3,2,human,51.43597,-1.334889,19/08/2017, 11:56:30
3,2,human,51.435955,-1.334764,19/08/2017, 11:56:51
3,2,human,51.435871,-1.33485,19/08/2017, 11:57:14
3,2,human,51.435734,-1.334802,19/08/2017, 11:57:36
3,2,human,51.43565,-1.334758,19/08/2017, 11:57:57
3,2,human,51.435589,-1.334848,19/08/2017, 11:58:19
3,2,human,51.435493,-1.334879,19/08/2017, 11:58:40
3,2,human,51.435329,-1.33483,19/08/2017, 11:59:02
3,2,human,51.435257,-1.334866,19/08/2017, 11:59:23
3,2,human,51.435165,-1.334884,19/08/2017, 11:59:45
3,2,human,51.435123,-1.334892,19/08/2017, 12:00:08
3,2,human,51.435032,-1.334861,19/08/2017, 12:00:30
3,2,human,51.434849,-1.334841,19/08/2017, 12:00:52
3,2,human,51.434723,-1.334963,19/08/2017, 12:01:12
3,2,human,51.434639,-1.334916,19/08/2017, 12:01:34
3,2,human,51.43449,-1.334872,19/08/2017, 12:01:57
3,2,human,51.434376,-1.334874,19/08/2017, 12:02:20
3,2,human,51.434227,-1.334927,19/08/2017, 12:02:41
3,2,human,51.434071,-1.334894,19/08/2017, 12:03:03
3,2,human,51.433975,-1.334893,19/08/2017, 12:03:24
3,2,human,51.433823,-1.334897,19/08/2017, 12:03:46
3,2,human,51.433735,-1.334723,19/08/2017, 12:04:07
3,2,human,51.433655,-1.334545,19/08/2017, 12:04:28
3,2,human,51.433567,-1.33439,19/08/2017, 12:04:49
3,2,human,51.433613,-1.334554,19/08/2017, 12:05:11
3,2,human,51.43362,-1.334782,19/08/2017, 12:05:32
3,2,human,51.433498,-1.334811,19/08/2017, 12:05:53
3,2,human,51.433407,-1.334753,19/08/2017, 12:06:14
3,2,human,51.433235,-1.33485,19/08/2017, 12:06:36
3,2,human,51.433079,-1.335076,19/08/2017, 12:06:58
3,2,human,51.433029,-1.33489,19/08/2017, 12:07:18
3,2,human,51.432934,-1.334992,19/08/2017, 12:07:40
3,2,human,51.432831,-1.334928,19/08/2017, 12:08:00
3,2,human,51.432709,-1.334863,19/08/2017, 12:08:22
3,2,human,51.432682,-1.334695,19/08/2017, 12:08:43
3,2,human,51.432575,-1.334707,19/08/2017, 12:09:04
3,2,human,51.432465,-1.334707,19/08/2017, 12:09:25
3,2,human,51.432251,-1.334638,19/08/2017, 12:09:47
3,2,human,51.432117,-1.334594,19/08/2017, 12:10:09
3,2,human,51.432007,-1.334617,19/08/2017, 12:10:31
3,2,human,51.431854,-1.33457,19/08/2017, 12:10:51
3,2,human,51.431705,-1.334421,19/08/2017, 12:11:12
3,2,human,51.431648,-1.334505,19/08/2017, 12:11:33
3,2,human,51.431557,-1.33451,19/08/2017, 12:11:55
3,2,human,51.431393,-1.334602,19/08/2017, 12:12:17
3,2,human,51.43129,-1.334621,19/08/2017, 12:12:39
3,2,human,51.431248,-1.334701,19/08/2017, 12:12:59
3,2,human,51.431068,-1.334815,19/08/2017, 12:13:22
3,2,human,51.430969,-1.334909,19/08/2017, 12:13:43
3,2,human,51.430862,-1.335016,19/08/2017, 12:14:05
3,2,human,51.430756,-1.335035,19/08/2017, 12:14:26
3,2,human,51.430656,-1.335034,19/08/2017, 12:14:47
3,2,human,51.430519,-1.33507,19/08/2017, 12:15:08
3,2,human,51.430492,-1.334932,19/08/2017, 12:15:30
3,2,human,51.430382,-1.335048,19/08/2017, 12:15:51
3,2,human,51.430332,-1.334978,19/08/2017, 12:16:12
3,2,human,51.430351,-1.334906,19/08/2017, 12:16:33
3,2,human,51.43026,-1.335101,19/08/2017, 12:16:56
3,2,human,51.43018,-1.335049,19/08/2017, 12:17:17
3,2,human,51.430065,-1.335063,19/08/2017, 12:17:38
3,2,human,51.430042,-1.335064,19/08/2017, 12:18:00
3,2,human,51.429928,-1.335106,19/08/2017, 12:18:21
3,2,human,51.429745,-1.335006,19/08/2017, 12:18:43
3,2,human,51.42971,-1.334934,19/08/2017, 12:19:04
3,2,human,51.429665,-1.334901,19/08/2017, 12:19:25
3,2,human,51.429466,-1.334929,19/08/2017, 12:19:49
3,2,human,51.429405,-1.334881,19/08/2017, 12:20:10
3,2,human,51.429268,-1.334918,19/08/2017, 12:20:33
3,2,human,51.429153,-1.334952,19/08/2017, 12:20:53
3,2,human,51.429077,-1.33498,19/08/2017, 12:21:15
3,2,human,51.428963,-1.33494,19/08/2017, 12:21:35
3,2,human,51.42897,-1.334899,19/08/2017, 12:21:56
3,2,human,51.429081,-1.334934,19/08/2017, 12:22:16
3,2,human,51.429287,-1.334812,19/08/2017, 12:22:37
3,2,human,51.429443,-1.334718,19/08/2017, 12:22:59
3,2,human,51.429592,-1.334741,19/08/2017, 12:23:19
3,2,human,51.429745,-1.334744,19/08/2017, 12:23:41
3,2,human,51.429878,-1.334808,19/08/2017, 12:24:01
3,2,human,51.430046,-1.334847,19/08/2017, 12:24:22
3,2,human,51.43018,-1.334887,19/08/2017, 12:24:42
3,2,human,51.430275,-1.334777,19/08/2017, 12:25:03
3,2,human,51.43037,-1.334795,19/08/2017, 12:25:24
3,2,human,51.4305,-1.334843,19/08/2017, 12:25:44
3,2,human,51.430614,-1.33486,19/08/2017, 12:26:05
3,2,human,51.430775,-1.334721,19/08/2017, 12:26:25
3,2,human,51.430904,-1.334602,19/08/2017, 12:26:46
3,2,human,51.431007,-1.334542,19/08/2017, 12:27:08
3,2,human,51.431126,-1.334396,19/08/2017, 12:27:29
3,2,human,51.431332,-1.334421,19/08/2017, 12:27:52
3,2,human,51.431366,-1.334306,19/08/2017, 12:28:13
3,2,human,51.431431,-1.334296,19/08/2017, 12:28:33
3,2,human,51.431503,-1.334395,19/08/2017, 12:28:54
3,2,human,51.431721,-1.334381,19/08/2017, 12:29:15
3,2,human,51.431824,-1.334429,19/08/2017, 12:29:35
3,2,human,51.431957,-1.334462,19/08/2017, 12:29:58
3,2,human,51.432045,-1.334415,19/08/2017, 12:30:18
3,2,human,51.432133,-1.334361,19/08/2017, 12:30:39
3,2,human,51.432281,-1.334342,19/08/2017, 12:30:59
3,2,human,51.432312,-1.334494,19/08/2017, 12:31:21
3,2,human,51.432487,-1.334444,19/08/2017, 12:31:41
3,2,human,51.432526,-1.334467,19/08/2017, 12:32:02
3,2,human,51.432644,-1.334424,19/08/2017, 12:32:23
3,2,human,51.43272,-1.334445,19/08/2017, 12:32:43
3,2,human,51.432785,-1.334578,19/08/2017, 12:33:04
3,2,human,51.432819,-1.334619,19/08/2017, 12:33:24
3,2,human,51.432903,-1.334553,19/08/2017, 12:33:45
3,2,human,51.433029,-1.334502,19/08/2017, 12:34:05
3,2,human,51.433224,-1.334469,19/08/2017, 12:34:26
3,2,human,51.433403,-1.33444,19/08/2017, 12:34:46
3,2,human,51.433563,-1.334359,19/08/2017, 12:35:07
3,2,human,51.433735,-1.334511,19/08/2017, 12:35:27
3,2,human,51.433804,-1.334723,19/08/2017, 12:35:48
3,2,human,51.433838,-1.33494,19/08/2017, 12:36:08
3,2,human,51.433887,-1.335097,19/08/2017, 12:36:29
3,2,human,51.433849,-1.335278,19/08/2017, 12:36:49
3,2,human,51.433796,-1.335498,19/08/2017, 12:37:10
3,2,human,51.433872,-1.335592,19/08/2017, 12:37:30
3,2,human,51.433945,-1.335745,19/08/2017, 12:37:51
3,2,human,51.43404,-1.335838,19/08/2017, 12:38:11
3,2,human,51.434105,-1.335754,19/08/2017, 12:38:31
3,2,human,51.434242,-1.335786,19/08/2017, 12:38:52
3,2,human,51.434326,-1.335951,19/08/2017, 12:39:13
3,2,human,51.434456,-1.33588,19/08/2017, 12:39:33
3,2,human,51.434563,-1.335868,19/08/2017, 12:39:53
3,2,human,51.434647,-1.335859,19/08/2017, 12:40:14
3,2,human,51.434822,-1.33594,19/08/2017, 12:40:34
3,2,human,51.434948,-1.335956,19/08/2017, 12:40:55
3,2,human,51.435013,-1.336061,19/08/2017, 12:41:16
3,2,human,51.435085,-1.33611,19/08/2017, 12:41:37
3,2,human,51.435123,-1.336271,19/08/2017, 12:41:58
3,2,human,51.43523,-1.336315,19/08/2017, 12:42:20
3,2,human,51.435345,-1.336342,19/08/2017, 12:42:42
3,2,human,51.435577,-1.336545,19/08/2017, 12:43:05
3,2,human,51.435547,-1.336936,19/08/2017, 12:43:30
3,2,human,51.435669,-1.337025,19/08/2017, 12:43:50
3,2,human,51.435749,-1.337083,19/08/2017, 12:44:12
3,2,human,51.435806,-1.337301,19/08/2017, 12:44:33
3,2,human,51.435928,-1.337736,19/08/2017, 12:44:57
3,2,human,51.435966,-1.337929,19/08/2017, 12:45:19
3,2,human,51.436092,-1.33791,19/08/2017, 12:45:40
3,2,human,51.436218,-1.338023,19/08/2017, 12:46:02
3,2,human,51.436348,-1.337932,19/08/2017, 12:46:25
3,2,human,51.436535,-1.337717,19/08/2017, 12:46:46
3,2,human,51.436718,-1.337274,19/08/2017, 12:47:10
3,2,human,51.436638,-1.337149,19/08/2017, 12:47:34
3,2,human,51.43655,-1.336993,19/08/2017, 12:47:58
3,2,human,51.436451,-1.336641,19/08/2017, 12:48:23
3,2,human,51.436356,-1.336397,19/08/2017, 12:48:48
3,2,human,51.436329,-1.336252,19/08/2017, 12:49:10
3,2,human,51.436161,-1.335878,19/08/2017, 12:49:35
3,2,human,51.436172,-1.335796,19/08/2017, 12:49:58
3,2,human,51.436184,-1.335648,19/08/2017, 12:50:23
3,2,human,51.435989,-1.335384,19/08/2017, 12:50:47
3,2,human,51.435841,-1.335356,19/08/2017, 12:51:12
3,2,human,51.43586,-1.335384,19/08/2017, 12:51:33
4,2,dog,51.436043,-1.335056,19/08/2017, 11:39:10
4,2,dog,51.436016,-1.335052,19/08/2017, 11:39:29
4,2,dog,51.435993,-1.335044,19/08/2017, 11:39:52
4,2,dog,51.436031,-1.334936,19/08/2017, 11:40:15
4,2,dog,51.436123,-1.334895,19/08/2017, 11:40:48
4,2,dog,51.4361,-1.335002,19/08/2017, 11:41:10
4,2,dog,51.436108,-1.334934,19/08/2017, 11:41:32
4,2,dog,51.436096,-1.334941,19/08/2017, 11:41:55
4,2,dog,51.436016,-1.335071,19/08/2017, 11:42:17
4,2,dog,51.435982,-1.335077,19/08/2017, 11:42:40
4,2,dog,51.436039,-1.334857,19/08/2017, 11:43:03
4,2,dog,51.436016,-1.335071,19/08/2017, 11:43:26
4,2,dog,51.435959,-1.33504,19/08/2017, 11:43:47
4,2,dog,51.435932,-1.334949,19/08/2017, 11:44:10
4,2,dog,51.435986,-1.335088,19/08/2017, 11:44:32
4,2,dog,51.435993,-1.33498,19/08/2017, 11:44:55
4,2,dog,51.436089,-1.335098,19/08/2017, 11:45:17
4,2,dog,51.435986,-1.335075,19/08/2017, 11:45:54
4,2,dog,51.436001,-1.334487,19/08/2017, 11:46:19
4,2,dog,51.436043,-1.334258,19/08/2017, 11:46:42
4,2,dog,51.435997,-1.333959,19/08/2017, 11:47:04
4,2,dog,51.436195,-1.333733,19/08/2017, 11:47:32
4,2,dog,51.436039,-1.333853,19/08/2017, 11:47:59
4,2,dog,51.436031,-1.334027,19/08/2017, 11:48:20
4,2,dog,51.436008,-1.33439,19/08/2017, 11:48:46
4,2,dog,51.435963,-1.334353,19/08/2017, 11:49:12
4,2,dog,51.435997,-1.334056,19/08/2017, 11:49:35
4,2,dog,51.436043,-1.333927,19/08/2017, 11:49:55
4,2,dog,51.436024,-1.333933,19/08/2017, 11:50:16
4,2,dog,51.436039,-1.333901,19/08/2017, 11:50:38
4,2,dog,51.436016,-1.33385,19/08/2017, 11:51:00
4,2,dog,51.436165,-1.333904,19/08/2017, 11:51:22
4,2,dog,51.436203,-1.333858,19/08/2017, 11:51:45
4,2,dog,51.436176,-1.333799,19/08/2017, 11:52:07
4,2,dog,51.436211,-1.333838,19/08/2017, 11:52:28
4,2,dog,51.436169,-1.333909,19/08/2017, 11:52:50
4,2,dog,51.436203,-1.333941,19/08/2017, 11:53:11
4,2,dog,51.436226,-1.333842,19/08/2017, 11:53:33
4,2,dog,51.436195,-1.333879,19/08/2017, 11:53:54
4,2,dog,51.436226,-1.333879,19/08/2017, 11:54:16
4,2,dog,51.436226,-1.333882,19/08/2017, 11:54:37
4,2,dog,51.436192,-1.333876,19/08/2017, 11:54:59
4,2,dog,51.43623,-1.333831,19/08/2017, 11:55:21
4,2,dog,51.436192,-1.333946,19/08/2017, 11:55:44
4,2,dog,51.436073,-1.333873,19/08/2017, 11:56:09
4,2,dog,51.436222,-1.334009,19/08/2017, 11:56:32
4,2,dog,51.436214,-1.333968,19/08/2017, 11:56:55
4,2,dog,51.435875,-1.333935,19/08/2017, 11:57:20
4,2,dog,51.43589,-1.333897,19/08/2017, 11:57:43
4,2,dog,51.435825,-1.33401,19/08/2017, 11:58:05
4,2,dog,51.435722,-1.334046,19/08/2017, 11:58:27
4,2,dog,51.435692,-1.334053,19/08/2017, 11:58:50
4,2,dog,51.435535,-1.333883,19/08/2017, 11:59:14
4,2,dog,51.435467,-1.333895,19/08/2017, 11:59:41
4,2,dog,51.43531,-1.333807,19/08/2017, 12:00:06
4,2,dog,51.435341,-1.333794,19/08/2017, 12:00:28
4,2,dog,51.434925,-1.333793,19/08/2017, 12:00:52
4,2,dog,51.434902,-1.333839,19/08/2017, 12:01:15
4,2,dog,51.434883,-1.333876,19/08/2017, 12:01:41
4,2,dog,51.434769,-1.333828,19/08/2017, 12:02:02
4,2,dog,51.434685,-1.333833,19/08/2017, 12:02:24
4,2,dog,51.434269,-1.333896,19/08/2017, 12:02:50
4,2,dog,51.434231,-1.333795,19/08/2017, 12:03:10
4,2,dog,51.434044,-1.333972,19/08/2017, 12:03:34
4,2,dog,51.43396,-1.333776,19/08/2017, 12:03:57
4,2,dog,51.433952,-1.333531,19/08/2017, 12:04:19
4,2,dog,51.43391,-1.333267,19/08/2017, 12:04:43
4,2,dog,51.433918,-1.333618,19/08/2017, 12:05:06
4,2,dog,51.433926,-1.333758,19/08/2017, 12:05:29
4,2,dog,51.433884,-1.333794,19/08/2017, 12:05:52
4,2,dog,51.433807,-1.333876,19/08/2017, 12:06:13
4,2,dog,51.433708,-1.333777,19/08/2017, 12:06:34
4,2,dog,51.433308,-1.333842,19/08/2017, 12:07:02
4,2,dog,51.433304,-1.333753,19/08/2017, 12:07:23
4,2,dog,51.433151,-1.333865,19/08/2017, 12:07:47
4,2,dog,51.433121,-1.33388,19/08/2017, 12:08:09
4,2,dog,51.432938,-1.333782,19/08/2017, 12:08:30
4,2,dog,51.432758,-1.333604,19/08/2017, 12:08:56
4,2,dog,51.432796,-1.333579,19/08/2017, 12:09:19
4,2,dog,51.432724,-1.333627,19/08/2017, 12:09:41
4,2,dog,51.432644,-1.333551,19/08/2017, 12:10:04
4,2,dog,51.432457,-1.333553,19/08/2017, 12:10:26
4,2,dog,51.432308,-1.333374,19/08/2017, 12:10:47
4,2,dog,51.432159,-1.333337,19/08/2017, 12:11:09
4,2,dog,51.431896,-1.333336,19/08/2017, 12:11:32
4,2,dog,51.431774,-1.333465,19/08/2017, 12:11:54
4,2,dog,51.431725,-1.33351,19/08/2017, 12:12:17
4,2,dog,51.431633,-1.333641,19/08/2017, 12:12:41
4,2,dog,51.431602,-1.333663,19/08/2017, 12:13:04
4,2,dog,51.431412,-1.333904,19/08/2017, 12:13:27
4,2,dog,51.431396,-1.333924,19/08/2017, 12:13:49
4,2,dog,51.431358,-1.333922,19/08/2017, 12:14:12
4,2,dog,51.431259,-1.333953,19/08/2017, 12:14:33
4,2,dog,51.431152,-1.333951,19/08/2017, 12:14:57
4,2,dog,51.430923,-1.334063,19/08/2017, 12:15:19
4,2,dog,51.430923,-1.333986,19/08/2017, 12:15:45
4,2,dog,51.430759,-1.334017,19/08/2017, 12:16:07
4,2,dog,51.430927,-1.333898,19/08/2017, 12:16:31
4,2,dog,51.430851,-1.333921,19/08/2017, 12:16:52
4,2,dog,51.430656,-1.333949,19/08/2017, 12:17:14
4,2,dog,51.430527,-1.333941,19/08/2017, 12:17:37
4,2,dog,51.430367,-1.333879,19/08/2017, 12:17:58
4,2,dog,51.430283,-1.333914,19/08/2017, 12:18:18
4,2,dog,51.430061,-1.33382,19/08/2017, 12:18:42
4,2,dog,51.430088,-1.33385,19/08/2017, 12:19:06
4,2,dog,51.43,-1.333792,19/08/2017, 12:19:26
4,2,dog,51.429901,-1.333754,19/08/2017, 12:19:50
4,2,dog,51.429813,-1.333754,19/08/2017, 12:20:12
4,2,dog,51.429611,-1.33388,19/08/2017, 12:20:34
4,2,dog,51.429573,-1.333923,19/08/2017, 12:20:55
4,2,dog,51.429562,-1.333945,19/08/2017, 12:21:18
4,2,dog,51.429543,-1.333788,19/08/2017, 12:21:43
4,2,dog,51.429699,-1.333699,19/08/2017, 12:22:05
4,2,dog,51.429916,-1.333708,19/08/2017, 12:22:30
4,2,dog,51.430267,-1.333576,19/08/2017, 12:22:56
4,2,dog,51.430305,-1.333622,19/08/2017, 12:23:19
4,2,dog,51.430317,-1.333578,19/08/2017, 12:23:40
4,2,dog,51.430523,-1.333646,19/08/2017, 12:24:02
4,2,dog,51.430637,-1.333624,19/08/2017, 12:24:23
4,2,dog,51.430809,-1.333544,19/08/2017, 12:24:43
4,2,dog,51.430859,-1.333563,19/08/2017, 12:25:05
4,2,dog,51.431007,-1.333517,19/08/2017, 12:25:28
4,2,dog,51.431168,-1.333407,19/08/2017, 12:25:51
4,2,dog,51.431278,-1.333295,19/08/2017, 12:26:12
4,2,dog,51.431438,-1.33329,19/08/2017, 12:26:34
4,2,dog,51.431564,-1.333101,19/08/2017, 12:26:56
4,2,dog,51.431725,-1.33296,19/08/2017, 12:27:17
4,2,dog,51.431751,-1.333067,19/08/2017, 12:27:40
4,2,dog,51.431862,-1.332934,19/08/2017, 12:28:02
4,2,dog,51.432053,-1.33285,19/08/2017, 12:28:23
4,2,dog,51.432171,-1.332969,19/08/2017, 12:28:44
4,2,dog,51.432339,-1.332996,19/08/2017, 12:29:06
4,2,dog,51.43243,-1.333017,19/08/2017, 12:29:29
4,2,dog,51.432415,-1.333149,19/08/2017, 12:29:51
4,2,dog,51.432884,-1.332985,19/08/2017, 12:30:18
4,2,dog,51.433014,-1.333036,19/08/2017, 12:30:43
4,2,dog,51.432991,-1.333063,19/08/2017, 12:31:07
4,2,dog,51.433002,-1.333185,19/08/2017, 12:31:28
4,2,dog,51.433136,-1.333117,19/08/2017, 12:31:51
4,2,dog,51.433231,-1.333114,19/08/2017, 12:32:14
4,2,dog,51.433342,-1.333084,19/08/2017, 12:32:36
4,2,dog,51.433338,-1.333176,19/08/2017, 12:32:58
4,2,dog,51.433392,-1.333118,19/08/2017, 12:33:21
4,2,dog,51.433514,-1.332942,19/08/2017, 12:33:45
4,2,dog,51.433693,-1.33289,19/08/2017, 12:34:08
4,2,dog,51.433929,-1.332825,19/08/2017, 12:34:30
4,2,dog,51.434078,-1.332814,19/08/2017, 12:34:54
4,2,dog,51.434177,-1.332991,19/08/2017, 12:35:16
4,2,dog,51.43433,-1.333181,19/08/2017, 12:35:37
4,2,dog,51.434654,-1.333517,19/08/2017, 12:36:03
4,2,dog,51.434631,-1.33383,19/08/2017, 12:36:29
4,2,dog,51.434677,-1.333891,19/08/2017, 12:36:56
4,2,dog,51.434669,-1.333998,19/08/2017, 12:37:21
4,2,dog,51.434715,-1.334159,19/08/2017, 12:37:48
4,2,dog,51.435017,-1.334311,19/08/2017, 12:38:15
4,2,dog,51.43512,-1.334177,19/08/2017, 12:38:41
4,2,dog,51.435211,-1.334226,19/08/2017, 12:39:07
4,2,dog,51.435287,-1.334354,19/08/2017, 12:39:35
4,2,dog,51.43541,-1.334162,19/08/2017, 12:40:00
4,2,dog,51.435558,-1.334227,19/08/2017, 12:40:27
4,2,dog,51.435593,-1.33418,19/08/2017, 12:40:54
4,2,dog,51.435768,-1.334342,19/08/2017, 12:41:28
4,2,dog,51.435959,-1.334311,19/08/2017, 12:42:02
4,2,dog,51.43615,-1.334305,19/08/2017, 12:42:39
4,2,dog,51.436031,-1.334886,19/08/2017, 12:43:15
4,2,dog,51.436432,-1.3351,19/08/2017, 12:43:54
4,2,dog,51.436508,-1.33535,19/08/2017, 12:44:31
4,2,dog,51.436691,-1.335682,19/08/2017, 12:45:11
4,2,dog,51.436878,-1.335874,19/08/2017, 12:45:53
4,2,dog,51.437168,-1.335616,19/08/2017, 12:46:35
4,2,dog,51.437286,-1.33506,19/08/2017, 12:47:16
4,2,dog,51.437168,-1.33467,19/08/2017, 12:47:58
4,2,dog,51.437019,-1.33428,19/08/2017, 12:48:39
4,2,dog,51.436756,-1.333605,19/08/2017, 12:49:19
4,2,dog,51.436707,-1.333416,19/08/2017, 12:50:01
4,2,dog,51.436554,-1.333089,19/08/2017, 12:50:43
4,2,dog,51.436348,-1.333064,19/08/2017, 12:51:24
5,3,human,51.436539,-1.335231,18/08/2017, 09:38:17
5,3,human,51.436745,-1.335263,18/08/2017, 09:38:38
5,3,human,51.437004,-1.335783,18/08/2017, 09:39:02
5,3,human,51.437225,-1.336054,18/08/2017, 09:39:27
5,3,human,51.437428,-1.336125,18/08/2017, 09:39:48
5,3,human,51.437645,-1.336125,18/08/2017, 09:40:08
5,3,human,51.437801,-1.336198,18/08/2017, 09:40:29
5,3,human,51.438053,-1.336554,18/08/2017, 09:40:50
5,3,human,51.438171,-1.33699,18/08/2017, 09:41:15
5,3,human,51.438217,-1.337222,18/08/2017, 09:41:36
5,3,human,51.438244,-1.337596,18/08/2017, 09:41:57
5,3,human,51.43824,-1.337957,18/08/2017, 09:42:18
5,3,human,51.438198,-1.338294,18/08/2017, 09:42:38
5,3,human,51.438194,-1.338688,18/08/2017, 09:42:59
5,3,human,51.438114,-1.339076,18/08/2017, 09:43:19
5,3,human,51.438065,-1.339538,18/08/2017, 09:43:40
5,3,human,51.438007,-1.339902,18/08/2017, 09:44:00
5,3,human,51.437866,-1.340113,18/08/2017, 09:44:22
5,3,human,51.437634,-1.340338,18/08/2017, 09:44:43
5,3,human,51.437389,-1.340427,18/08/2017, 09:45:04
5,3,human,51.43713,-1.340611,18/08/2017, 09:45:24
5,3,human,51.436962,-1.340719,18/08/2017, 09:45:45
5,3,human,51.436642,-1.340864,18/08/2017, 09:46:05
5,3,human,51.436409,-1.341029,18/08/2017, 09:46:26
5,3,human,51.436176,-1.341155,18/08/2017, 09:46:46
5,3,human,51.436092,-1.341528,18/08/2017, 09:47:07
5,3,human,51.435871,-1.341771,18/08/2017, 09:47:27
5,3,human,51.435863,-1.342178,18/08/2017, 09:47:49
5,3,human,51.435623,-1.342782,18/08/2017, 09:48:11
5,3,human,51.435429,-1.343134,18/08/2017, 09:48:36
5,3,human,51.435253,-1.343271,18/08/2017, 09:48:57
5,3,human,51.435242,-1.343605,18/08/2017, 09:49:17
5,3,human,51.435116,-1.343788,18/08/2017, 09:49:38
5,3,human,51.435139,-1.344199,18/08/2017, 09:49:59
5,3,human,51.435158,-1.344635,18/08/2017, 09:50:20
5,3,human,51.434902,-1.345147,18/08/2017, 09:50:43
5,3,human,51.434792,-1.345321,18/08/2017, 09:51:05
5,3,human,51.43454,-1.345132,18/08/2017, 09:51:27
5,3,human,51.434357,-1.34494,18/08/2017, 09:51:50
5,3,human,51.43428,-1.344511,18/08/2017, 09:52:14
5,3,human,51.434269,-1.344297,18/08/2017, 09:52:35
5,3,human,51.434219,-1.343954,18/08/2017, 09:52:57
5,3,human,51.434193,-1.343583,18/08/2017, 09:53:18
5,3,human,51.434196,-1.343097,18/08/2017, 09:53:39
5,3,human,51.434216,-1.342703,18/08/2017, 09:54:00
5,3,human,51.43399,-1.342544,18/08/2017, 09:54:21
5,3,human,51.433693,-1.342441,18/08/2017, 09:54:41
5,3,human,51.433479,-1.342505,18/08/2017, 09:55:02
5,3,human,51.433201,-1.342504,18/08/2017, 09:55:22
5,3,human,51.433147,-1.342372,18/08/2017, 09:55:43
5,3,human,51.432999,-1.342288,18/08/2017, 09:56:03
5,3,human,51.432934,-1.342103,18/08/2017, 09:56:24
5,3,human,51.432926,-1.341877,18/08/2017, 09:56:45
5,3,human,51.43322,-1.341511,18/08/2017, 09:57:07
5,3,human,51.432972,-1.341416,18/08/2017, 09:57:30
5,3,human,51.432781,-1.341364,18/08/2017, 09:57:50
5,3,human,51.43259,-1.341364,18/08/2017, 09:58:11
5,3,human,51.432407,-1.341362,18/08/2017, 09:58:32
5,3,human,51.432106,-1.341236,18/08/2017, 09:58:55
5,3,human,51.431915,-1.341153,18/08/2017, 09:59:17
5,3,human,51.431713,-1.341108,18/08/2017, 09:59:40
5,3,human,51.431507,-1.340876,18/08/2017, 10:00:01
5,3,human,51.43119,-1.340571,18/08/2017, 10:00:22
5,3,human,51.431057,-1.340243,18/08/2017, 10:00:44
5,3,human,51.430893,-1.340003,18/08/2017, 10:01:07
5,3,human,51.43087,-1.339734,18/08/2017, 10:01:29
5,3,human,51.43074,-1.339394,18/08/2017, 10:01:49
5,3,human,51.430744,-1.339037,18/08/2017, 10:02:10
5,3,human,51.430893,-1.338822,18/08/2017, 10:02:30
5,3,human,51.431004,-1.338537,18/08/2017, 10:02:51
5,3,human,51.431004,-1.338225,18/08/2017, 10:03:14
5,3,human,51.430984,-1.33795,18/08/2017, 10:03:35
5,3,human,51.430851,-1.337733,18/08/2017, 10:03:56
5,3,human,51.430973,-1.337357,18/08/2017, 10:04:16
5,3,human,51.431042,-1.336922,18/08/2017, 10:04:37
5,3,human,51.431255,-1.336563,18/08/2017, 10:04:58
5,3,human,51.431351,-1.336359,18/08/2017, 10:05:19
5,3,human,51.431499,-1.336277,18/08/2017, 10:05:40
5,3,human,51.43174,-1.336067,18/08/2017, 10:06:00
5,3,human,51.432003,-1.335832,18/08/2017, 10:06:21
5,3,human,51.432312,-1.33563,18/08/2017, 10:06:41
5,3,human,51.43269,-1.335551,18/08/2017, 10:07:05
5,3,human,51.432816,-1.335679,18/08/2017, 10:07:26
5,3,human,51.433018,-1.335952,18/08/2017, 10:07:47
5,3,human,51.433105,-1.335966,18/08/2017, 10:08:08
5,3,human,51.433231,-1.335799,18/08/2017, 10:08:28
5,3,human,51.433399,-1.335717,18/08/2017, 10:08:49
5,3,human,51.433586,-1.335538,18/08/2017, 10:09:11
5,3,human,51.433743,-1.335499,18/08/2017, 10:09:33
5,3,human,51.433937,-1.335711,18/08/2017, 10:09:56
5,3,human,51.434044,-1.335945,18/08/2017, 10:10:16
5,3,human,51.43457,-1.3359,18/08/2017, 10:10:41
5,3,human,51.434692,-1.336097,18/08/2017, 10:11:02
5,3,human,51.435162,-1.336128,18/08/2017, 10:11:26
5,3,human,51.435265,-1.33637,18/08/2017, 10:11:46
5,3,human,51.435528,-1.336088,18/08/2017, 10:12:10
5,3,human,51.435711,-1.335894,18/08/2017, 10:12:33
5,3,human,51.435871,-1.33593,18/08/2017, 10:12:54
5,3,human,51.435986,-1.335576,18/08/2017, 10:13:19
5,3,human,51.436195,-1.335435,18/08/2017, 10:13:43
6,3,dog,51.436714,-1.335855,18/08/2017, 09:38:58
6,3,dog,51.43697,-1.336353,18/08/2017, 09:39:34
6,3,dog,51.437241,-1.336374,18/08/2017, 09:39:56
6,3,dog,51.437435,-1.336346,18/08/2017, 09:40:18
6,3,dog,51.437691,-1.336427,18/08/2017, 09:40:43
6,3,dog,51.437878,-1.33668,18/08/2017, 09:41:06
6,3,dog,51.437939,-1.337075,18/08/2017, 09:41:28
6,3,dog,51.437908,-1.337471,18/08/2017, 09:41:50
6,3,dog,51.437912,-1.338199,18/08/2017, 09:42:12
6,3,dog,51.437881,-1.338521,18/08/2017, 09:42:34
6,3,dog,51.437832,-1.338896,18/08/2017, 09:42:54
6,3,dog,51.437855,-1.338998,18/08/2017, 09:43:15
6,3,dog,51.437756,-1.339601,18/08/2017, 09:43:36
6,3,dog,51.437626,-1.339913,18/08/2017, 09:43:56
6,3,dog,51.437561,-1.340156,18/08/2017, 09:44:17
6,3,dog,51.437263,-1.34032,18/08/2017, 09:44:38
6,3,dog,51.437069,-1.34041,18/08/2017, 09:44:59
6,3,dog,51.436848,-1.340706,18/08/2017, 09:45:20
6,3,dog,51.436592,-1.340796,18/08/2017, 09:45:42
6,3,dog,51.436287,-1.340865,18/08/2017, 09:46:04
6,3,dog,51.435997,-1.340913,18/08/2017, 09:46:25
6,3,dog,51.43586,-1.341198,18/08/2017, 09:46:46
6,3,dog,51.435703,-1.34132,18/08/2017, 09:47:08
6,3,dog,51.435699,-1.341756,18/08/2017, 09:47:29
6,3,dog,51.435669,-1.342134,18/08/2017, 09:47:49
6,3,dog,51.435596,-1.342504,18/08/2017, 09:48:09
6,3,dog,51.435463,-1.342766,18/08/2017, 09:48:32
6,3,dog,51.435238,-1.342977,18/08/2017, 09:48:54
6,3,dog,51.435066,-1.342993,18/08/2017, 09:49:14
6,3,dog,51.435085,-1.34354,18/08/2017, 09:49:36
6,3,dog,51.435081,-1.343935,18/08/2017, 09:49:59
6,3,dog,51.43504,-1.34439,18/08/2017, 09:50:20
6,3,dog,51.434837,-1.344651,18/08/2017, 09:50:42
6,3,dog,51.434582,-1.344783,18/08/2017, 09:51:04
6,3,dog,51.434414,-1.344816,18/08/2017, 09:51:27
6,3,dog,51.433746,-1.344713,18/08/2017, 09:51:56
6,3,dog,51.433704,-1.344547,18/08/2017, 09:52:17
6,3,dog,51.433743,-1.344295,18/08/2017, 09:52:38
6,3,dog,51.433624,-1.343928,18/08/2017, 09:52:58
6,3,dog,51.433578,-1.343477,18/08/2017, 09:53:20
6,3,dog,51.433582,-1.343117,18/08/2017, 09:53:40
6,3,dog,51.433609,-1.342885,18/08/2017, 09:54:01
6,3,dog,51.433472,-1.34267,18/08/2017, 09:54:22
6,3,dog,51.433167,-1.342514,18/08/2017, 09:54:42
6,3,dog,51.432919,-1.342475,18/08/2017, 09:55:04
6,3,dog,51.432758,-1.34251,18/08/2017, 09:55:24
6,3,dog,51.432598,-1.342339,18/08/2017, 09:55:44
6,3,dog,51.432346,-1.342016,18/08/2017, 09:56:05
6,3,dog,51.43227,-1.341855,18/08/2017, 09:56:28
6,3,dog,51.432987,-1.341441,18/08/2017, 09:56:51
6,3,dog,51.432953,-1.341384,18/08/2017, 09:57:11
6,3,dog,51.432735,-1.341237,18/08/2017, 09:57:31
6,3,dog,51.432545,-1.341136,18/08/2017, 09:57:52
6,3,dog,51.432373,-1.341137,18/08/2017, 09:58:13
6,3,dog,51.432114,-1.341065,18/08/2017, 09:58:34
6,3,dog,51.431889,-1.341088,18/08/2017, 09:58:56
6,3,dog,51.43169,-1.341057,18/08/2017, 09:59:18
6,3,dog,51.431465,-1.340796,18/08/2017, 09:59:40
6,3,dog,51.431099,-1.340626,18/08/2017, 10:00:00
6,3,dog,51.430988,-1.340434,18/08/2017, 10:00:22
6,3,dog,51.43082,-1.340137,18/08/2017, 10:00:44
6,3,dog,51.430752,-1.339812,18/08/2017, 10:01:05
6,3,dog,51.430698,-1.339361,18/08/2017, 10:01:25
6,3,dog,51.430702,-1.338996,18/08/2017, 10:01:45
6,3,dog,51.430695,-1.338656,18/08/2017, 10:02:08
6,3,dog,51.430767,-1.338695,18/08/2017, 10:02:28
6,3,dog,51.43074,-1.338222,18/08/2017, 10:02:49
6,3,dog,51.430748,-1.337836,18/08/2017, 10:03:10
6,3,dog,51.430683,-1.337447,18/08/2017, 10:03:30
6,3,dog,51.430687,-1.33706,18/08/2017, 10:03:53
6,3,dog,51.430847,-1.336794,18/08/2017, 10:04:14
6,3,dog,51.430935,-1.33636,18/08/2017, 10:04:35
6,3,dog,51.431023,-1.33611,18/08/2017, 10:04:56
6,3,dog,51.431141,-1.335947,18/08/2017, 10:05:17
6,3,dog,51.431358,-1.335874,18/08/2017, 10:05:37
6,3,dog,51.431545,-1.335586,18/08/2017, 10:05:57
6,3,dog,51.431595,-1.335398,18/08/2017, 10:06:18
6,3,dog,51.432129,-1.335314,18/08/2017, 10:06:41
6,3,dog,51.432442,-1.335346,18/08/2017, 10:07:02
6,3,dog,51.432632,-1.335536,18/08/2017, 10:07:22
6,3,dog,51.432774,-1.335711,18/08/2017, 10:07:44
6,3,dog,51.432953,-1.335507,18/08/2017, 10:08:05
6,3,dog,51.433151,-1.335377,18/08/2017, 10:08:26
6,3,dog,51.433346,-1.335288,18/08/2017, 10:08:47
6,3,dog,51.43354,-1.335278,18/08/2017, 10:09:07
6,3,dog,51.433575,-1.335127,18/08/2017, 10:09:28
6,3,dog,51.433685,-1.335356,18/08/2017, 10:09:49
6,3,dog,51.433838,-1.33544,18/08/2017, 10:10:11
6,3,dog,51.433949,-1.335429,18/08/2017, 10:10:33
6,3,dog,51.434315,-1.335546,18/08/2017, 10:10:55
6,3,dog,51.434811,-1.335675,18/08/2017, 10:11:18
6,3,dog,51.43504,-1.335885,18/08/2017, 10:11:42
6,3,dog,51.43523,-1.335901,18/08/2017, 10:12:05
6,3,dog,51.435619,-1.335694,18/08/2017, 10:12:28
6,3,dog,51.435616,-1.33559,18/08/2017, 10:12:50
6,3,dog,51.43565,-1.335369,18/08/2017, 10:13:13
6,3,dog,51.435848,-1.335228,18/08/2017, 10:13:33
6,3,dog,51.4361,-1.334901,18/08/2017, 10:13:54
7,4,human,51.435658,-1.33564,18/08/2017, 14:16:22
7,4,human,51.435616,-1.335574,18/08/2017, 14:16:47
7,4,human,51.435421,-1.33578,18/08/2017, 14:17:28
7,4,human,51.435356,-1.336156,18/08/2017, 14:18:00
7,4,human,51.435352,-1.33625,18/08/2017, 14:18:32
7,4,human,51.434727,-1.336113,18/08/2017, 14:18:57
7,4,human,51.434425,-1.33608,18/08/2017, 14:19:25
7,4,human,51.434158,-1.336132,18/08/2017, 14:19:50
7,4,human,51.433895,-1.336394,18/08/2017, 14:20:14
7,4,human,51.433826,-1.33647,18/08/2017, 14:20:37
7,4,human,51.433506,-1.336442,18/08/2017, 14:21:02
7,4,human,51.433426,-1.336358,18/08/2017, 14:21:28
7,4,human,51.433163,-1.33646,18/08/2017, 14:21:53
7,4,human,51.432915,-1.336395,18/08/2017, 14:22:18
7,4,human,51.432747,-1.336366,18/08/2017, 14:22:43
7,4,human,51.432621,-1.336449,18/08/2017, 14:23:05
7,4,human,51.432381,-1.336476,18/08/2017, 14:23:30
7,4,human,51.432163,-1.336379,18/08/2017, 14:23:53
7,4,human,51.43214,-1.33641,18/08/2017, 14:24:14
7,4,human,51.431965,-1.3366,18/08/2017, 14:24:37
7,4,human,51.431923,-1.336753,18/08/2017, 14:24:59
7,4,human,51.431831,-1.337415,18/08/2017, 14:25:23
7,4,human,51.432045,-1.337491,18/08/2017, 14:25:47
7,4,human,51.431946,-1.337559,18/08/2017, 14:26:09
7,4,human,51.431976,-1.337815,18/08/2017, 14:26:34
7,4,human,51.432026,-1.337919,18/08/2017, 14:26:56
7,4,human,51.432026,-1.338167,18/08/2017, 14:27:17
7,4,human,51.432091,-1.338613,18/08/2017, 14:27:42
7,4,human,51.432037,-1.338829,18/08/2017, 14:28:03
7,4,human,51.431816,-1.338893,18/08/2017, 14:28:25
7,4,human,51.431778,-1.339077,18/08/2017, 14:28:48
7,4,human,51.431694,-1.339399,18/08/2017, 14:29:12
7,4,human,51.431534,-1.339438,18/08/2017, 14:29:36
7,4,human,51.431328,-1.339565,18/08/2017, 14:30:01
7,4,human,51.431171,-1.339661,18/08/2017, 14:30:23
7,4,human,51.430752,-1.339703,18/08/2017, 14:30:45
7,4,human,51.430614,-1.339942,18/08/2017, 14:31:10
7,4,human,51.430706,-1.340014,18/08/2017, 14:31:38
7,4,human,51.430923,-1.340383,18/08/2017, 14:32:04
7,4,human,51.431149,-1.340585,18/08/2017, 14:32:30
7,4,human,51.431149,-1.340637,18/08/2017, 14:32:51
7,4,human,51.431313,-1.340802,18/08/2017, 14:33:17
7,4,human,51.431374,-1.340704,18/08/2017, 14:33:44
7,4,human,51.431286,-1.340724,18/08/2017, 14:34:09
7,4,human,51.431313,-1.340599,18/08/2017, 14:34:32
7,4,human,51.431339,-1.340722,18/08/2017, 14:34:55
7,4,human,51.431442,-1.340805,18/08/2017, 14:35:16
7,4,human,51.431438,-1.340825,18/08/2017, 14:35:39
7,4,human,51.431454,-1.340921,18/08/2017, 14:36:01
7,4,human,51.431618,-1.341319,18/08/2017, 14:36:24
7,4,human,51.431675,-1.341319,18/08/2017, 14:36:45
7,4,human,51.431816,-1.341278,18/08/2017, 14:37:06
7,4,human,51.432018,-1.341429,18/08/2017, 14:37:29
7,4,human,51.432121,-1.341382,18/08/2017, 14:37:50
7,4,human,51.432434,-1.341305,18/08/2017, 14:38:10
7,4,human,51.432407,-1.341422,18/08/2017, 14:38:32
7,4,human,51.432598,-1.341399,18/08/2017, 14:38:55
7,4,human,51.43261,-1.341314,18/08/2017, 14:39:18
7,4,human,51.432823,-1.34119,18/08/2017, 14:39:41
7,4,human,51.432934,-1.341131,18/08/2017, 14:40:02
7,4,human,51.433002,-1.341122,18/08/2017, 14:40:25
7,4,human,51.433174,-1.341053,18/08/2017, 14:40:51
7,4,human,51.433186,-1.340886,18/08/2017, 14:41:15
7,4,human,51.433174,-1.340834,18/08/2017, 14:41:41
7,4,human,51.433323,-1.340586,18/08/2017, 14:42:06
7,4,human,51.433357,-1.340409,18/08/2017, 14:42:30
7,4,human,51.433418,-1.340544,18/08/2017, 14:42:55
7,4,human,51.433517,-1.340382,18/08/2017, 14:43:05
7,4,human,51.433609,-1.340274,18/08/2017, 14:43:29
7,4,human,51.433704,-1.340147,18/08/2017, 14:43:53
7,4,human,51.433903,-1.340005,18/08/2017, 14:44:13
7,4,human,51.434021,-1.340134,18/08/2017, 14:44:36
7,4,human,51.434132,-1.340115,18/08/2017, 14:44:57
7,4,human,51.434349,-1.340418,18/08/2017, 14:45:20
7,4,human,51.434273,-1.340656,18/08/2017, 14:45:41
7,4,human,51.434196,-1.341092,18/08/2017, 14:46:01
7,4,human,51.434128,-1.341312,18/08/2017, 14:46:22
7,4,human,51.434109,-1.341231,18/08/2017, 14:46:42
7,4,human,51.434231,-1.34155,18/08/2017, 14:47:04
7,4,human,51.434208,-1.341738,18/08/2017, 14:47:25
7,4,human,51.434193,-1.342053,18/08/2017, 14:47:46
7,4,human,51.4342,-1.342299,18/08/2017, 14:48:08
7,4,human,51.434376,-1.342505,18/08/2017, 14:48:31
7,4,human,51.43449,-1.342401,18/08/2017, 14:48:52
7,4,human,51.434608,-1.342235,18/08/2017, 14:49:15
7,4,human,51.434719,-1.342081,18/08/2017, 14:49:38
7,4,human,51.434818,-1.341981,18/08/2017, 14:49:59
7,4,human,51.434967,-1.341938,18/08/2017, 14:50:21
7,4,human,51.435165,-1.341998,18/08/2017, 14:50:43
7,4,human,51.43531,-1.341864,18/08/2017, 14:51:06
7,4,human,51.435486,-1.341509,18/08/2017, 14:51:30
7,4,human,51.435524,-1.341408,18/08/2017, 14:51:50
7,4,human,51.4356,-1.341187,18/08/2017, 14:52:13
7,4,human,51.43576,-1.341047,18/08/2017, 14:52:33
7,4,human,51.435913,-1.340809,18/08/2017, 14:52:56
7,4,human,51.436016,-1.340607,18/08/2017, 14:53:16
7,4,human,51.436195,-1.340438,18/08/2017, 14:53:37
7,4,human,51.436306,-1.340188,18/08/2017, 14:53:57
7,4,human,51.43642,-1.33998,18/08/2017, 14:54:18
7,4,human,51.436577,-1.339808,18/08/2017, 14:54:39
7,4,human,51.436703,-1.339666,18/08/2017, 14:55:00
7,4,human,51.436855,-1.339378,18/08/2017, 14:55:21
7,4,human,51.437,-1.339268,18/08/2017, 14:55:43
7,4,human,51.437107,-1.339053,18/08/2017, 14:56:03
7,4,human,51.437134,-1.338864,18/08/2017, 14:56:24
7,4,human,51.437145,-1.338607,18/08/2017, 14:56:45
7,4,human,51.437088,-1.338382,18/08/2017, 14:57:05
7,4,human,51.437016,-1.338045,18/08/2017, 14:57:27
7,4,human,51.437008,-1.337881,18/08/2017, 14:57:36
7,4,human,51.436989,-1.337537,18/08/2017, 14:58:00
7,4,human,51.436935,-1.337376,18/08/2017, 14:58:24
7,4,human,51.436817,-1.337286,18/08/2017, 14:58:45
7,4,human,51.436893,-1.337228,18/08/2017, 14:59:05
7,4,human,51.436821,-1.337116,18/08/2017, 14:59:29
7,4,human,51.436859,-1.337018,18/08/2017, 14:59:51
7,4,human,51.436672,-1.336601,18/08/2017, 15:00:14
7,4,human,51.436604,-1.336531,18/08/2017, 15:00:35
7,4,human,51.43668,-1.336265,18/08/2017, 15:00:55
7,4,human,51.436531,-1.336119,18/08/2017, 15:01:16
7,4,human,51.436462,-1.33592,18/08/2017, 15:01:38
7,4,human,51.436367,-1.335654,18/08/2017, 15:01:58
7,4,human,51.436165,-1.335612,18/08/2017, 15:02:21
7,4,human,51.436111,-1.335796,18/08/2017, 15:02:42
7,4,human,51.435947,-1.33595,18/08/2017, 15:03:04
7,4,human,51.43586,-1.336091,18/08/2017, 15:03:25
7,4,human,51.435719,-1.33613,18/08/2017, 15:03:46
7,4,human,51.435707,-1.336055,18/08/2017, 15:04:08
7,4,human,51.435688,-1.336006,18/08/2017, 15:04:29
7,4,human,51.435749,-1.335862,18/08/2017, 15:04:52
8,4,dog,51.435368,-1.335662,18/08/2017, 14:16:12
8,4,dog,51.435375,-1.335706,18/08/2017, 14:16:32
8,4,dog,51.435352,-1.335871,18/08/2017, 14:16:53
8,4,dog,51.435471,-1.335989,18/08/2017, 14:17:37
8,4,dog,51.435474,-1.336179,18/08/2017, 14:17:59
8,4,dog,51.435081,-1.336105,18/08/2017, 14:18:42
8,4,dog,51.434341,-1.336186,18/08/2017, 14:19:18
8,4,dog,51.433914,-1.336275,18/08/2017, 14:19:46
8,4,dog,51.433872,-1.33639,18/08/2017, 14:20:07
8,4,dog,51.433514,-1.336543,18/08/2017, 14:20:33
8,4,dog,51.433445,-1.336575,18/08/2017, 14:20:54
8,4,dog,51.433311,-1.336401,18/08/2017, 14:21:15
8,4,dog,51.433327,-1.336355,18/08/2017, 14:21:37
8,4,dog,51.433155,-1.336335,18/08/2017, 14:21:59
8,4,dog,51.43264,-1.336263,18/08/2017, 14:22:30
8,4,dog,51.432533,-1.336359,18/08/2017, 14:22:52
8,4,dog,51.432407,-1.336383,18/08/2017, 14:23:12
8,4,dog,51.432327,-1.336446,18/08/2017, 14:23:34
8,4,dog,51.432182,-1.336269,18/08/2017, 14:23:55
8,4,dog,51.432068,-1.336318,18/08/2017, 14:24:16
8,4,dog,51.431854,-1.336578,18/08/2017, 14:24:37
8,4,dog,51.431633,-1.336996,18/08/2017, 14:25:02
8,4,dog,51.431622,-1.337057,18/08/2017, 14:25:22
8,4,dog,51.431671,-1.337368,18/08/2017, 14:25:44
8,4,dog,51.431629,-1.337555,18/08/2017, 14:26:07
8,4,dog,51.431641,-1.337883,18/08/2017, 14:26:31
8,4,dog,51.431713,-1.337972,18/08/2017, 14:26:53
8,4,dog,51.431751,-1.338157,18/08/2017, 14:27:14
8,4,dog,51.431789,-1.338498,18/08/2017, 14:27:34
8,4,dog,51.431705,-1.33878,18/08/2017, 14:27:59
8,4,dog,51.431568,-1.338896,18/08/2017, 14:28:22
8,4,dog,51.431427,-1.338939,18/08/2017, 14:28:46
8,4,dog,51.431454,-1.339278,18/08/2017, 14:29:08
8,4,dog,51.431461,-1.33943,18/08/2017, 14:29:28
8,4,dog,51.431232,-1.339557,18/08/2017, 14:29:55
8,4,dog,51.431145,-1.339546,18/08/2017, 14:30:15
8,4,dog,51.430862,-1.339645,18/08/2017, 14:30:38
8,4,dog,51.430717,-1.339665,18/08/2017, 14:30:58
8,4,dog,51.430668,-1.339897,18/08/2017, 14:31:20
8,4,dog,51.430763,-1.340225,18/08/2017, 14:31:49
8,4,dog,51.430706,-1.340331,18/08/2017, 14:32:15
8,4,dog,51.430801,-1.340466,18/08/2017, 14:32:36
8,4,dog,51.431133,-1.340663,18/08/2017, 14:33:02
8,4,dog,51.43121,-1.340675,18/08/2017, 14:33:31
8,4,dog,51.431213,-1.340711,18/08/2017, 14:33:51
8,4,dog,51.431252,-1.340693,18/08/2017, 14:34:13
8,4,dog,51.431156,-1.340568,18/08/2017, 14:34:40
8,4,dog,51.431198,-1.340859,18/08/2017, 14:35:01
8,4,dog,51.431313,-1.340905,18/08/2017, 14:35:22
8,4,dog,51.431389,-1.340869,18/08/2017, 14:35:47
8,4,dog,51.431438,-1.341157,18/08/2017, 14:36:13
8,4,dog,51.431553,-1.341166,18/08/2017, 14:36:33
8,4,dog,51.431717,-1.341218,18/08/2017, 14:36:54
8,4,dog,51.432049,-1.341255,18/08/2017, 14:37:19
8,4,dog,51.432037,-1.341212,18/08/2017, 14:37:40
8,4,dog,51.432213,-1.341294,18/08/2017, 14:38:02
8,4,dog,51.432205,-1.341283,18/08/2017, 14:38:23
8,4,dog,51.432339,-1.341332,18/08/2017, 14:38:45
8,4,dog,51.43235,-1.34117,18/08/2017, 14:39:07
8,4,dog,51.432507,-1.341171,18/08/2017, 14:39:28
8,4,dog,51.432793,-1.341227,18/08/2017, 14:39:53
8,4,dog,51.432796,-1.341043,18/08/2017, 14:40:14
8,4,dog,51.432907,-1.341027,18/08/2017, 14:40:34
8,4,dog,51.432995,-1.340919,18/08/2017, 14:41:00
8,4,dog,51.432922,-1.340927,18/08/2017, 14:41:26
8,4,dog,51.433033,-1.340763,18/08/2017, 14:41:52
8,4,dog,51.433041,-1.340369,18/08/2017, 14:42:17
8,4,dog,51.433094,-1.34038,18/08/2017, 14:42:42
8,4,dog,51.433178,-1.340268,18/08/2017, 14:43:06
8,4,dog,51.433414,-1.340074,18/08/2017, 14:43:31
8,4,dog,51.433674,-1.339811,18/08/2017, 14:43:56
8,4,dog,51.433762,-1.33979,18/08/2017, 14:44:18
8,4,dog,51.433887,-1.339874,18/08/2017, 14:44:41
8,4,dog,51.434174,-1.340109,18/08/2017, 14:45:07
8,4,dog,51.434147,-1.340299,18/08/2017, 14:45:31
8,4,dog,51.434032,-1.340781,18/08/2017, 14:45:56
8,4,dog,51.433998,-1.341067,18/08/2017, 14:46:18
8,4,dog,51.434052,-1.341138,18/08/2017, 14:46:41
8,4,dog,51.434063,-1.341303,18/08/2017, 14:47:02
8,4,dog,51.433929,-1.341842,18/08/2017, 14:47:24
8,4,dog,51.433933,-1.342151,18/08/2017, 14:47:46
8,4,dog,51.434002,-1.342252,18/08/2017, 14:48:07
8,4,dog,51.43404,-1.342551,18/08/2017, 14:48:31
8,4,dog,51.434242,-1.342267,18/08/2017, 14:48:54
8,4,dog,51.434296,-1.342168,18/08/2017, 14:49:14
8,4,dog,51.434422,-1.342059,18/08/2017, 14:49:37
8,4,dog,51.434513,-1.342016,18/08/2017, 14:49:58
8,4,dog,51.434708,-1.34201,18/08/2017, 14:50:19
8,4,dog,51.434998,-1.341846,18/08/2017, 14:50:42
8,4,dog,51.435074,-1.341679,18/08/2017, 14:51:02
8,4,dog,51.435242,-1.341444,18/08/2017, 14:51:22
8,4,dog,51.435291,-1.341184,18/08/2017, 14:51:43
8,4,dog,51.435402,-1.341146,18/08/2017, 14:52:04
8,4,dog,51.435543,-1.340958,18/08/2017, 14:52:24
8,4,dog,51.435738,-1.340696,18/08/2017, 14:52:48
8,4,dog,51.435837,-1.340448,18/08/2017, 14:53:10
8,4,dog,51.436028,-1.340258,18/08/2017, 14:53:34
8,4,dog,51.436069,-1.340068,18/08/2017, 14:53:55
8,4,dog,51.436157,-1.339792,18/08/2017, 14:54:15
8,4,dog,51.436302,-1.339659,18/08/2017, 14:54:36
8,4,dog,51.436409,-1.339381,18/08/2017, 14:54:58
8,4,dog,51.436535,-1.339248,18/08/2017, 14:55:18
8,4,dog,51.436848,-1.338983,18/08/2017, 14:55:41
8,4,dog,51.436985,-1.338717,18/08/2017, 14:56:04
8,4,dog,51.436874,-1.338525,18/08/2017, 14:56:24
8,4,dog,51.436806,-1.338315,18/08/2017, 14:56:47
8,4,dog,51.436844,-1.338127,18/08/2017, 14:57:09
8,4,dog,51.436794,-1.337709,18/08/2017, 14:57:33
8,4,dog,51.436825,-1.337359,18/08/2017, 14:57:57
8,4,dog,51.436935,-1.337125,18/08/2017, 14:58:23
8,4,dog,51.436741,-1.337076,18/08/2017, 14:58:45
8,4,dog,51.436726,-1.337135,18/08/2017, 14:59:07
8,4,dog,51.436455,-1.337071,18/08/2017, 14:59:31
8,4,dog,51.436516,-1.33695,18/08/2017, 14:59:53
8,4,dog,51.436714,-1.33681,18/08/2017, 15:00:16
8,4,dog,51.436619,-1.336764,18/08/2017, 15:00:37
8,4,dog,51.43644,-1.336513,18/08/2017, 15:01:00
8,4,dog,51.436584,-1.336239,18/08/2017, 15:01:23
8,4,dog,51.436234,-1.335962,18/08/2017, 15:01:46
8,4,dog,51.436203,-1.335736,18/08/2017, 15:02:07
8,4,dog,51.436172,-1.335456,18/08/2017, 15:02:29
8,4,dog,51.435989,-1.335532,18/08/2017, 15:02:52
8,4,dog,51.435764,-1.335796,18/08/2017, 15:03:14
8,4,dog,51.435711,-1.335752,18/08/2017, 15:03:37
8,4,dog,51.435646,-1.335972,18/08/2017, 15:03:59
8,4,dog,51.435654,-1.335944,18/08/2017, 15:04:19
8,4,dog,51.435555,-1.335992,18/08/2017, 15:04:40
